년월,고객ID,성별,연령대,가입일,해지일,요금제,단말기기종,상태,상태사유,신용등급,선택약정여부,요금제가격,월평균요금,데이터사용량(GB),가입자수
202503,CUST0001,F,30대,2022-08-10,0000-00-00,TVING 초이스 스페셜,Galaxy S22,정상,사용중,1등급,N,110000,85661,28.3,1
202504,CUST0002,F,10대,2021-09-08,0000-00-00,디즈니+ 초이스 스페셜,Galaxy S22,정상,사용중,2등급,Y,110000,79712,31,1
202503,CUST0003,M,20대,2022-11-25,2024-08-09,왓챠 초이스 스페셜,iPhone 14,해지,단순 해지 요청,1등급,N,110000,82473,39.7,0
202503,CUST0004,M,50대,2021-12-08,2022-08-28,지니 초이스 프리미엄,Galaxy S22,해지,요금 불만,4등급,Y,130000,85470,47.8,0
202503,CUST0005,M,60대 이상,2023-09-19,0000-00-00,지니 초이스 베이직,Galaxy S22,일시정지,일시적인 요금 부담,4등급,Y,90000,65176,23.3,1
202505,CUST0006,F,40대,2023-12-27,0000-00-00,지니 초이스 베이직,Galaxy A32,일시정지,해외 장기 출장,5등급,Y,90000,69474,13.8,1
202504,CUST0007,M,40대,2022-12-08,0000-00-00,유튜브 프리미엄 초이스 스페셜,Galaxy S22,일시정지,일시적인 요금 부담,4등급,N,110000,79092,39.4,1
202504,CUST0008,F,40대,2022-10-10,0000-00-00,디즈니+ 초이스 스페셜,LG Wing,정상,사용중,5등급,N,110000,79630,29.8,1
202504,CUST0009,F,50대,2021-02-22,2023-12-01,넷플릭스 초이스 스페셜,iPhone SE,해지,타사로 이동,5등급,Y,110000,82243,37.5,0
202505,CUST0010,M,30대,2022-01-07,0000-00-00,넷플릭스 초이스 스페셜,iPhone 14,정상,사용중,3등급,Y,110000,86295,33.2,1
202505,CUST0011,M,60대 이상,2024-06-17,0000-00-00,디즈니+ 초이스 스페셜,Galaxy Z Flip5,일시정지,해외 장기 출장,1등급,Y,110000,79780,25.7,1
202504,CUST0012,M,10대,2022-04-30,0000-00-00,TVING 초이스 프리미엄,iPhone 14,일시정지,사용 중단 예정,2등급,Y,130000,87386,50.8,1
202505,CUST0013,M,60대 이상,2022-07-28,2023-03-28,유튜브 프리미엄 초이스 스페셜,LG Wing,해지,요금 불만,4등급,N,110000,82403,37.6,0
202505,CUST0014,M,50대,2020-06-26,0000-00-00,유튜브 프리미엄 초이스 스페셜,iPhone SE,정상,사용중,4등급,Y,110000,80863,37.7,1
202505,CUST0015,F,10대,2022-02-13,0000-00-00,TVING 초이스 베이직,Galaxy Z Flip5,일시정지,일시적인 요금 부담,5등급,Y,90000,68191,24,1
202504,CUST0016,F,60대 이상,2023-10-11,0000-00-00,지니 초이스 베이직,Galaxy S22,일시정지,일시적인 요금 부담,5등급,Y,90000,68347,13.8,1
202503,CUST0017,F,60대 이상,2024-05-19,2023-05-13,넷플릭스 초이스 프리미엄,Galaxy Z Flip5,해지,단순 해지 요청,2등급,Y,130000,80961,46,0
202504,CUST0018,M,20대,2020-06-29,0000-00-00,지니 초이스 베이직,Galaxy A32,일시정지,해외 장기 출장,4등급,Y,90000,66926,17,1
202503,CUST0019,M,30대,2023-08-30,0000-00-00,왓챠 초이스 프리미엄,Galaxy S22,일시정지,단말기 분실,1등급,N,130000,86061,55.3,1
202503,CUST0020,M,40대,2022-12-18,0000-00-00,지니 초이스 베이직,iPhone SE,정상,사용중,5등급,Y,90000,65538,22.4,1
202504,CUST0021,F,10대,2022-07-05,0000-00-00,유튜브 프리미엄 초이스 프리미엄,Galaxy S22,일시정지,일시적인 요금 부담,1등급,Y,130000,82265,57.9,1
202505,CUST0022,M,40대,2023-12-30,0000-00-00,지니 초이스 베이직,Galaxy A32,일시정지,사용 중단 예정,1등급,Y,90000,69060,17.3,1
202503,CUST0023,M,40대,2024-10-29,0000-00-00,디즈니+ 초이스 스페셜,Galaxy S22,일시정지,사용 중단 예정,5등급,Y,110000,81458,37.3,1
202505,CUST0024,F,20대,2025-02-06,0000-00-00,왓챠 초이스 스페셜,iPhone SE,일시정지,일시적인 요금 부담,3등급,Y,110000,82586,32,1
202503,CUST0025,F,40대,2022-09-23,2023-01-18,지니 초이스 스페셜,Galaxy Z Flip5,해지,요금 불만,3등급,Y,110000,86112,35.6,0
202505,CUST0026,F,30대,2023-08-05,2024-02-18,디즈니+ 초이스 프리미엄,Galaxy Z Flip5,해지,타사로 이동,4등급,Y,130000,81064,47.4,0
202503,CUST0027,F,20대,2022-01-08,0000-00-00,넷플릭스 초이스 프리미엄,Galaxy A32,정상,사용중,3등급,N,130000,84371,51.1,1
202504,CUST0028,M,40대,2022-04-24,0000-00-00,TVING 초이스 베이직,LG Wing,정상,사용중,5등급,N,90000,70628,12.9,1
202505,CUST0029,M,10대,2024-05-17,0000-00-00,왓챠 초이스 프리미엄,iPhone SE,정상,사용중,2등급,Y,130000,87408,55.4,1
202505,CUST0030,F,40대,2023-09-16,0000-00-00,유튜브 프리미엄 초이스 프리미엄,iPhone SE,정상,사용중,4등급,Y,130000,88594,42.2,1
202504,CUST0031,M,60대 이상,2021-11-18,0000-00-00,넷플릭스 초이스 프리미엄,Galaxy A32,일시정지,일시적인 요금 부담,2등급,N,130000,85204,42.5,1
202505,CUST0032,F,50대,2024-03-20,0000-00-00,디즈니+ 초이스 스페셜,Galaxy A32,일시정지,사용 중단 예정,5등급,Y,110000,80998,39.7,1
202503,CUST0033,F,50대,2021-07-08,0000-00-00,디즈니+ 초이스 스페셜,Galaxy Z Flip5,일시정지,일시적인 요금 부담,2등급,Y,110000,82728,36.8,1
202503,CUST0034,F,10대,2020-08-20,0000-00-00,TVING 초이스 스페셜,iPhone 14,일시정지,단말기 분실,5등급,N,110000,80046,35.4,1
202503,CUST0035,F,30대,2023-03-28,0000-00-00,디즈니+ 초이스 프리미엄,LG Wing,정상,사용중,3등급,Y,130000,82169,53.7,1
202505,CUST0036,M,10대,2020-08-15,0000-00-00,유튜브 프리미엄 초이스 프리미엄,LG Wing,정상,사용중,2등급,N,130000,81427,42,1
202503,CUST0037,M,40대,2021-06-17,0000-00-00,넷플릭스 초이스 스페셜,Galaxy S22,정상,사용중,2등급,Y,110000,84400,37.5,1
202504,CUST0038,F,20대,2020-07-23,2022-12-25,지니 초이스 프리미엄,Galaxy A32,해지,서비스 품질 문제,2등급,N,130000,85757,55.5,0
202505,CUST0039,M,30대,2021-05-14,0000-00-00,지니 초이스 프리미엄,LG Wing,정상,사용중,1등급,Y,130000,88095,56.7,1
202505,CUST0040,F,30대,2024-09-26,0000-00-00,넷플릭스 초이스 베이직,Galaxy Z Flip5,일시정지,사용 중단 예정,1등급,Y,90000,66169,19.6,1
202504,CUST0041,M,20대,2022-09-28,0000-00-00,TVING 초이스 베이직,Galaxy Z Flip5,일시정지,단말기 분실,5등급,Y,90000,64562,11.8,1
202505,CUST0042,M,40대,2021-08-16,0000-00-00,TVING 초이스 스페셜,iPhone SE,정상,사용중,1등급,Y,110000,85005,30.9,1
202505,CUST0043,M,10대,2022-07-30,2024-11-12,왓챠 초이스 베이직,iPhone SE,해지,단순 해지 요청,3등급,N,90000,65361,10.4,0
202503,CUST0044,F,40대,2022-03-09,0000-00-00,유튜브 프리미엄 초이스 스페셜,iPhone SE,일시정지,사용 중단 예정,2등급,N,110000,86330,34.1,1
202504,CUST0045,M,10대,2022-11-24,0000-00-00,왓챠 초이스 스페셜,Galaxy A32,일시정지,단말기 분실,2등급,N,110000,80078,34.4,1
202505,CUST0046,F,20대,2025-04-15,0000-00-00,디즈니+ 초이스 프리미엄,Galaxy S22,정상,사용중,1등급,Y,130000,83823,50.5,1
202505,CUST0047,F,30대,2021-10-07,0000-00-00,디즈니+ 초이스 베이직,Galaxy A32,일시정지,단말기 분실,2등급,N,90000,64437,17.4,1
202505,CUST0048,F,30대,2021-11-09,0000-00-00,TVING 초이스 스페셜,Galaxy Z Flip5,정상,사용중,5등급,Y,110000,86174,29.6,1
202505,CUST0049,M,10대,2023-08-07,0000-00-00,왓챠 초이스 스페셜,iPhone SE,정상,사용중,1등급,Y,110000,78806,27.4,1
202505,CUST0050,F,50대,2024-06-07,0000-00-00,지니 초이스 베이직,Galaxy Z Flip5,일시정지,해외 장기 출장,4등급,Y,90000,65736,21,1
202503,CUST0051,M,30대,2024-07-17,2025-04-14,디즈니+ 초이스 스페셜,Galaxy A32,해지,단순 해지 요청,5등급,N,110000,83798,28.3,0
202504,CUST0052,M,50대,2022-07-26,0000-00-00,넷플릭스 초이스 베이직,iPhone SE,정상,사용중,4등급,Y,90000,67393,19.7,1
202504,CUST0053,M,50대,2022-11-06,0000-00-00,유튜브 프리미엄 초이스 베이직,Galaxy A32,정상,사용중,4등급,N,90000,65146,22.3,1
202503,CUST0054,M,10대,2023-05-11,0000-00-00,왓챠 초이스 베이직,iPhone 14,정상,사용중,4등급,Y,90000,67018,19.2,1
202503,CUST0055,M,20대,2021-01-30,0000-00-00,지니 초이스 스페셜,Galaxy A32,정상,사용중,5등급,N,110000,82843,33.7,1
202503,CUST0056,M,40대,2022-09-30,0000-00-00,넷플릭스 초이스 베이직,Galaxy Z Flip5,정상,사용중,4등급,Y,90000,64697,14.4,1
202504,CUST0057,M,10대,2024-08-26,2025-03-26,디즈니+ 초이스 프리미엄,LG Wing,해지,단순 해지 요청,4등급,Y,130000,87866,40.5,0
202504,CUST0058,F,20대,2022-10-01,0000-00-00,왓챠 초이스 스페셜,Galaxy S22,일시정지,해외 장기 출장,3등급,Y,110000,78681,28.7,1
202503,CUST0059,F,10대,2021-01-03,2023-08-24,유튜브 프리미엄 초이스 베이직,LG Wing,해지,서비스 품질 문제,3등급,N,90000,66850,19,0
202504,CUST0060,M,20대,2021-06-29,0000-00-00,디즈니+ 초이스 프리미엄,iPhone SE,일시정지,사용 중단 예정,3등급,Y,130000,81277,59.2,1
202505,CUST0061,F,20대,2024-08-09,0000-00-00,지니 초이스 프리미엄,iPhone 14,정상,사용중,3등급,Y,130000,88142,58.6,1
202505,CUST0062,F,60대 이상,2024-12-19,0000-00-00,넷플릭스 초이스 스페셜,iPhone 14,일시정지,일시적인 요금 부담,1등급,Y,110000,83004,28.3,1
202504,CUST0063,F,20대,2022-12-20,0000-00-00,지니 초이스 스페셜,iPhone SE,일시정지,일시적인 요금 부담,5등급,Y,110000,83304,30.6,1
202503,CUST0064,M,20대,2024-03-03,2025-01-27,넷플릭스 초이스 스페셜,Galaxy Z Flip5,해지,요금 불만,3등급,Y,110000,85331,27.1,0
202505,CUST0065,F,30대,2022-09-16,0000-00-00,디즈니+ 초이스 베이직,Galaxy A32,정상,사용중,1등급,Y,90000,65432,21.7,1
202503,CUST0066,F,40대,2023-04-24,0000-00-00,지니 초이스 프리미엄,iPhone SE,일시정지,사용 중단 예정,3등급,N,130000,81096,44.2,1
202503,CUST0067,M,30대,2021-10-21,0000-00-00,넷플릭스 초이스 스페셜,iPhone 14,일시정지,일시적인 요금 부담,1등급,Y,110000,85004,28.8,1
202503,CUST0068,F,50대,2022-06-09,0000-00-00,왓챠 초이스 프리미엄,iPhone 14,정상,사용중,4등급,Y,130000,81467,58.2,1
202505,CUST0069,F,40대,2023-06-14,2024-10-13,디즈니+ 초이스 프리미엄,Galaxy S22,해지,서비스 품질 문제,4등급,N,130000,81901,47.7,0
202505,CUST0070,F,20대,2022-10-26,0000-00-00,왓챠 초이스 스페셜,Galaxy A32,일시정지,일시적인 요금 부담,3등급,N,110000,84597,33.4,1
202503,CUST0071,M,20대,2024-12-03,2024-01-10,지니 초이스 베이직,iPhone SE,해지,요금 불만,5등급,Y,90000,66663,13.9,0
202504,CUST0072,M,20대,2021-04-23,0000-00-00,유튜브 프리미엄 초이스 베이직,Galaxy Z Flip5,일시정지,일시적인 요금 부담,4등급,Y,90000,65583,24.7,1
202505,CUST0073,F,30대,2022-12-06,0000-00-00,TVING 초이스 프리미엄,Galaxy A32,정상,사용중,3등급,Y,130000,83592,48,1
202505,CUST0074,M,30대,2021-12-06,0000-00-00,지니 초이스 베이직,LG Wing,정상,사용중,1등급,Y,90000,64616,19.8,1
202504,CUST0075,M,50대,2022-04-11,2024-02-28,유튜브 프리미엄 초이스 스페셜,iPhone 14,해지,장기 미사용,1등급,N,110000,78673,25.9,0
202503,CUST0076,F,50대,2021-10-29,0000-00-00,왓챠 초이스 베이직,iPhone 14,일시정지,단말기 분실,4등급,N,90000,68863,20.6,1
202505,CUST0077,F,60대 이상,2022-10-06,0000-00-00,TVING 초이스 스페셜,iPhone 14,정상,사용중,4등급,Y,110000,85577,26.8,1
202505,CUST0078,F,40대,2025-03-15,2023-03-28,TVING 초이스 베이직,Galaxy A32,해지,요금 불만,5등급,Y,90000,66696,18.1,0
202503,CUST0079,F,20대,2021-06-17,2022-11-18,넷플릭스 초이스 베이직,LG Wing,해지,서비스 품질 문제,3등급,Y,90000,65496,11.5,0
202505,CUST0080,M,20대,2024-02-04,2023-03-06,TVING 초이스 프리미엄,iPhone SE,해지,장기 미사용,4등급,Y,130000,83859,47,0
202505,CUST0081,M,50대,2025-03-19,2023-02-06,지니 초이스 베이직,Galaxy S22,해지,장기 미사용,4등급,Y,90000,70217,17.5,0
202503,CUST0082,M,50대,2022-12-24,0000-00-00,TVING 초이스 베이직,iPhone SE,일시정지,일시적인 요금 부담,4등급,Y,90000,67556,19.3,1
202505,CUST0083,F,60대 이상,2022-09-21,2024-02-24,유튜브 프리미엄 초이스 프리미엄,iPhone 14,해지,장기 미사용,1등급,N,130000,88595,42.2,0
202505,CUST0084,M,10대,2021-12-18,2025-01-01,유튜브 프리미엄 초이스 프리미엄,Galaxy S22,해지,타사로 이동,3등급,Y,130000,85494,47,0
202505,CUST0085,M,30대,2024-12-11,2023-10-06,왓챠 초이스 프리미엄,iPhone 14,해지,타사로 이동,3등급,Y,130000,88113,51.2,0
202505,CUST0086,F,30대,2024-11-13,2023-08-06,TVING 초이스 베이직,Galaxy A32,해지,장기 미사용,1등급,Y,90000,70105,16.9,0
202505,CUST0087,F,20대,2021-03-14,0000-00-00,지니 초이스 프리미엄,Galaxy A32,정상,사용중,5등급,N,130000,85910,46.3,1
202503,CUST0088,M,60대 이상,2022-07-09,2024-07-15,지니 초이스 프리미엄,iPhone 14,해지,요금 불만,4등급,Y,130000,81039,43.9,0
202504,CUST0089,M,10대,2021-09-04,0000-00-00,TVING 초이스 프리미엄,Galaxy A32,일시정지,해외 장기 출장,4등급,Y,130000,85781,57.8,1
202505,CUST0090,F,60대 이상,2021-10-28,0000-00-00,디즈니+ 초이스 스페셜,Galaxy S22,일시정지,사용 중단 예정,2등급,Y,110000,86342,34.7,1
202505,CUST0091,F,30대,2022-06-12,0000-00-00,디즈니+ 초이스 스페셜,Galaxy S22,정상,사용중,1등급,Y,110000,81142,33.3,1
202505,CUST0092,M,20대,2020-11-07,0000-00-00,왓챠 초이스 프리미엄,Galaxy S22,일시정지,단말기 분실,4등급,Y,130000,83965,58.5,1
202505,CUST0093,F,10대,2020-12-17,0000-00-00,TVING 초이스 프리미엄,Galaxy Z Flip5,일시정지,사용 중단 예정,2등급,Y,130000,85715,59.2,1
202505,CUST0094,F,60대 이상,2024-03-19,0000-00-00,지니 초이스 베이직,Galaxy A32,일시정지,일시적인 요금 부담,5등급,Y,90000,64582,12.6,1
202504,CUST0095,M,40대,2025-03-03,0000-00-00,지니 초이스 프리미엄,iPhone SE,정상,사용중,4등급,Y,130000,86193,56.2,1
202504,CUST0096,F,30대,2024-07-26,2023-12-23,TVING 초이스 스페셜,iPhone SE,해지,서비스 품질 문제,2등급,Y,110000,79409,38.2,0
202503,CUST0097,F,50대,2020-09-09,2025-02-15,지니 초이스 베이직,Galaxy Z Flip5,해지,타사로 이동,4등급,Y,90000,66815,11,0
202503,CUST0098,M,30대,2022-05-03,0000-00-00,왓챠 초이스 프리미엄,iPhone SE,정상,사용중,5등급,Y,130000,85340,47.9,1
202503,CUST0099,M,50대,2024-01-13,2024-08-10,TVING 초이스 스페셜,Galaxy A32,해지,타사로 이동,4등급,Y,110000,81711,28.7,0
202503,CUST0100,F,20대,2020-09-09,0000-00-00,디즈니+ 초이스 스페셜,LG Wing,정상,사용중,5등급,Y,110000,81155,33.6,1
202504,CUST0101,F,60대 이상,2023-12-04,2023-01-14,유튜브 프리미엄 초이스 프리미엄,iPhone SE,해지,서비스 품질 문제,1등급,N,130000,85243,53.8,0
202505,CUST0102,M,60대 이상,2023-07-15,2024-03-12,TVING 초이스 베이직,iPhone SE,해지,단순 해지 요청,2등급,N,90000,66482,18.3,0
202503,CUST0103,F,30대,2022-10-07,0000-00-00,유튜브 프리미엄 초이스 베이직,Galaxy A32,정상,사용중,2등급,Y,90000,64661,14.4,1
202503,CUST0104,F,50대,2025-02-22,0000-00-00,디즈니+ 초이스 프리미엄,iPhone SE,정상,사용중,5등급,N,130000,81179,50.5,1
202503,CUST0105,F,50대,2020-12-08,0000-00-00,유튜브 프리미엄 초이스 스페셜,Galaxy S22,정상,사용중,3등급,Y,110000,85838,31.5,1
202503,CUST0106,M,60대 이상,2022-01-25,0000-00-00,넷플릭스 초이스 프리미엄,Galaxy S22,정상,사용중,4등급,N,130000,86393,55.5,1
202503,CUST0107,M,50대,2023-11-27,0000-00-00,디즈니+ 초이스 스페셜,iPhone SE,정상,사용중,3등급,Y,110000,80009,28.8,1
202503,CUST0108,M,10대,2024-06-20,2024-06-27,디즈니+ 초이스 프리미엄,iPhone 14,해지,요금 불만,1등급,N,130000,81024,56.9,0
202503,CUST0109,F,40대,2021-01-30,0000-00-00,지니 초이스 스페셜,Galaxy Z Flip5,일시정지,해외 장기 출장,1등급,Y,110000,86518,25,1
202504,CUST0110,M,40대,2023-03-11,0000-00-00,넷플릭스 초이스 스페셜,Galaxy Z Flip5,정상,사용중,1등급,N,110000,80380,31.2,1
202505,CUST0111,F,10대,2025-02-02,0000-00-00,지니 초이스 스페셜,Galaxy S22,일시정지,해외 장기 출장,4등급,N,110000,79285,25.2,1
202504,CUST0112,M,40대,2020-09-19,0000-00-00,왓챠 초이스 스페셜,iPhone SE,일시정지,사용 중단 예정,4등급,Y,110000,82522,30.5,1
202504,CUST0113,F,40대,2025-03-11,0000-00-00,디즈니+ 초이스 베이직,Galaxy S22,정상,사용중,1등급,Y,90000,64337,17.8,1
202503,CUST0114,M,50대,2022-09-17,0000-00-00,지니 초이스 프리미엄,LG Wing,일시정지,해외 장기 출장,1등급,Y,130000,83978,43.7,1
202505,CUST0115,M,50대,2025-01-21,2023-12-19,디즈니+ 초이스 베이직,iPhone 14,해지,단순 해지 요청,1등급,N,90000,69027,19.3,0
202504,CUST0116,F,50대,2020-09-17,0000-00-00,지니 초이스 베이직,iPhone 14,일시정지,일시적인 요금 부담,1등급,Y,90000,67750,10.4,1
202505,CUST0117,M,10대,2021-05-11,0000-00-00,유튜브 프리미엄 초이스 베이직,Galaxy Z Flip5,일시정지,단말기 분실,2등급,N,90000,66594,13.1,1
202505,CUST0118,F,60대 이상,2024-04-07,0000-00-00,유튜브 프리미엄 초이스 스페셜,iPhone 14,정상,사용중,3등급,Y,110000,82809,38.7,1
202503,CUST0119,M,20대,2022-05-25,0000-00-00,왓챠 초이스 스페셜,Galaxy S22,일시정지,사용 중단 예정,4등급,Y,110000,82011,32.5,1
202504,CUST0120,F,40대,2022-09-01,0000-00-00,TVING 초이스 베이직,Galaxy Z Flip5,정상,사용중,5등급,N,90000,64748,24.8,1
202505,CUST0121,F,50대,2025-04-17,0000-00-00,유튜브 프리미엄 초이스 베이직,Galaxy A32,정상,사용중,3등급,Y,90000,70337,17.5,1
202505,CUST0122,F,10대,2024-05-25,0000-00-00,유튜브 프리미엄 초이스 프리미엄,iPhone 14,일시정지,단말기 분실,1등급,Y,130000,87974,59.1,1
202504,CUST0123,M,60대 이상,2025-05-23,0000-00-00,지니 초이스 프리미엄,Galaxy S22,정상,사용중,3등급,Y,130000,87418,57.5,1
202503,CUST0124,M,60대 이상,2022-12-27,2024-01-12,TVING 초이스 프리미엄,LG Wing,해지,요금 불만,1등급,Y,130000,88522,42.9,0
202505,CUST0125,M,30대,2022-06-07,0000-00-00,디즈니+ 초이스 프리미엄,LG Wing,일시정지,일시적인 요금 부담,2등급,Y,130000,83509,42.1,1
202505,CUST0126,F,20대,2020-12-30,0000-00-00,지니 초이스 베이직,Galaxy S22,일시정지,일시적인 요금 부담,2등급,Y,90000,70067,13.8,1
202504,CUST0127,F,30대,2022-11-04,0000-00-00,왓챠 초이스 스페셜,Galaxy Z Flip5,일시정지,단말기 분실,2등급,N,110000,83785,36.7,1
202505,CUST0128,M,10대,2022-09-27,0000-00-00,지니 초이스 프리미엄,Galaxy S22,일시정지,단말기 분실,4등급,N,130000,88195,45.5,1
202503,CUST0129,F,60대 이상,2023-04-07,2023-07-10,왓챠 초이스 베이직,Galaxy S22,해지,장기 미사용,5등급,N,90000,70610,21,0
202503,CUST0130,M,30대,2022-11-02,0000-00-00,디즈니+ 초이스 스페셜,Galaxy A32,정상,사용중,5등급,Y,110000,86442,26.4,1
202503,CUST0131,F,40대,2022-05-04,0000-00-00,왓챠 초이스 스페셜,LG Wing,일시정지,해외 장기 출장,3등급,N,110000,84363,38.5,1
202503,CUST0132,M,20대,2024-02-21,0000-00-00,TVING 초이스 프리미엄,Galaxy A32,정상,사용중,3등급,Y,130000,83622,50.8,1
202505,CUST0133,M,50대,2021-07-05,2024-03-08,왓챠 초이스 베이직,Galaxy S22,해지,요금 불만,3등급,Y,90000,66168,16.4,0
202503,CUST0134,F,60대 이상,2021-08-31,0000-00-00,넷플릭스 초이스 베이직,iPhone 14,정상,사용중,2등급,Y,90000,69825,17.8,1
202505,CUST0135,F,20대,2023-08-22,0000-00-00,넷플릭스 초이스 프리미엄,LG Wing,일시정지,일시적인 요금 부담,2등급,Y,130000,81457,59.6,1
202504,CUST0136,M,30대,2020-11-09,0000-00-00,왓챠 초이스 스페셜,Galaxy S22,정상,사용중,3등급,Y,110000,85754,35.3,1
202504,CUST0137,M,20대,2021-04-23,0000-00-00,TVING 초이스 스페셜,Galaxy Z Flip5,일시정지,일시적인 요금 부담,5등급,Y,110000,84394,36.8,1
202505,CUST0138,M,60대 이상,2021-09-15,0000-00-00,지니 초이스 스페셜,LG Wing,정상,사용중,1등급,Y,110000,79043,37.9,1
202505,CUST0139,F,50대,2023-05-25,0000-00-00,지니 초이스 베이직,iPhone 14,정상,사용중,4등급,Y,90000,70189,13.5,1
202505,CUST0140,M,40대,2025-04-21,0000-00-00,지니 초이스 스페셜,Galaxy S22,정상,사용중,4등급,N,110000,83679,37.3,1
202503,CUST0141,F,40대,2023-01-15,0000-00-00,TVING 초이스 베이직,iPhone SE,정상,사용중,2등급,N,90000,66027,23.3,1
202504,CUST0142,F,30대,2022-08-16,0000-00-00,유튜브 프리미엄 초이스 베이직,LG Wing,정상,사용중,2등급,Y,90000,67437,11.4,1
202505,CUST0143,M,20대,2025-01-29,2022-11-19,왓챠 초이스 스페셜,iPhone SE,해지,단순 해지 요청,5등급,Y,110000,84005,39.9,0
202503,CUST0144,M,40대,2023-09-08,2024-10-18,TVING 초이스 프리미엄,Galaxy S22,해지,서비스 품질 문제,2등급,Y,130000,84777,50.3,0
202503,CUST0145,M,50대,2021-08-23,0000-00-00,디즈니+ 초이스 베이직,Galaxy S22,정상,사용중,3등급,N,90000,66812,14.8,1
202503,CUST0146,F,60대 이상,2021-01-07,0000-00-00,왓챠 초이스 프리미엄,Galaxy S22,일시정지,일시적인 요금 부담,4등급,Y,130000,81244,52.2,1
202504,CUST0147,M,10대,2023-02-13,0000-00-00,왓챠 초이스 스페셜,LG Wing,정상,사용중,2등급,N,110000,79873,30.7,1
202505,CUST0148,M,60대 이상,2022-07-31,0000-00-00,유튜브 프리미엄 초이스 프리미엄,iPhone SE,정상,사용중,5등급,N,130000,80845,41.7,1
202505,CUST0149,M,40대,2024-11-24,0000-00-00,왓챠 초이스 스페셜,iPhone SE,일시정지,사용 중단 예정,4등급,Y,110000,80766,39.3,1
202503,CUST0150,M,30대,2024-03-19,0000-00-00,TVING 초이스 스페셜,iPhone 14,일시정지,일시적인 요금 부담,4등급,Y,110000,78441,37.5,1
202505,CUST0151,F,20대,2025-02-07,0000-00-00,유튜브 프리미엄 초이스 베이직,Galaxy S22,정상,사용중,4등급,Y,90000,66924,18.2,1
202504,CUST0152,F,60대 이상,2023-05-15,0000-00-00,지니 초이스 베이직,Galaxy S22,정상,사용중,3등급,Y,90000,68515,13,1
202503,CUST0153,F,30대,2022-07-07,2023-04-30,TVING 초이스 스페셜,iPhone 14,해지,단순 해지 요청,5등급,Y,110000,86312,33.1,0
202503,CUST0154,M,20대,2024-05-17,0000-00-00,왓챠 초이스 프리미엄,Galaxy A32,정상,사용중,4등급,Y,130000,86977,45.6,1
202503,CUST0155,F,40대,2020-07-12,2023-04-29,유튜브 프리미엄 초이스 프리미엄,Galaxy S22,해지,요금 불만,1등급,Y,130000,86164,43,0
202505,CUST0156,F,10대,2024-10-09,0000-00-00,왓챠 초이스 베이직,Galaxy S22,일시정지,일시적인 요금 부담,3등급,Y,90000,65906,22.9,1
202505,CUST0157,M,30대,2023-10-06,0000-00-00,TVING 초이스 프리미엄,Galaxy S22,일시정지,일시적인 요금 부담,3등급,Y,130000,87185,58.9,1
202504,CUST0158,F,40대,2024-04-19,2023-06-15,TVING 초이스 프리미엄,Galaxy S22,해지,서비스 품질 문제,2등급,Y,130000,85010,51.4,0
202505,CUST0159,F,40대,2024-06-26,0000-00-00,유튜브 프리미엄 초이스 베이직,iPhone SE,정상,사용중,2등급,Y,90000,69635,18.7,1
202505,CUST0160,M,20대,2024-06-13,0000-00-00,TVING 초이스 프리미엄,Galaxy S22,일시정지,사용 중단 예정,4등급,Y,130000,85808,42.3,1
202504,CUST0161,F,60대 이상,2020-11-09,2023-11-08,유튜브 프리미엄 초이스 스페셜,iPhone 14,해지,장기 미사용,1등급,Y,110000,86427,33,0
202505,CUST0162,M,30대,2024-09-06,0000-00-00,넷플릭스 초이스 스페셜,LG Wing,일시정지,사용 중단 예정,3등급,Y,110000,81029,26.4,1
202504,CUST0163,M,30대,2024-11-22,0000-00-00,지니 초이스 프리미엄,iPhone SE,정상,사용중,2등급,N,130000,87666,52.9,1
202504,CUST0164,F,20대,2021-03-28,2023-04-22,TVING 초이스 스페셜,iPhone 14,해지,장기 미사용,5등급,Y,110000,82892,30.9,0
202504,CUST0165,F,40대,2021-03-26,0000-00-00,TVING 초이스 스페셜,LG Wing,정상,사용중,2등급,Y,110000,78478,27,1
202504,CUST0166,M,30대,2023-04-28,2023-09-01,지니 초이스 스페셜,Galaxy S22,해지,단순 해지 요청,2등급,N,110000,79459,26.2,0
202504,CUST0167,F,40대,2021-08-11,2023-05-30,디즈니+ 초이스 스페셜,Galaxy A32,해지,장기 미사용,3등급,N,110000,81379,25.8,0
202505,CUST0168,M,30대,2020-12-23,0000-00-00,넷플릭스 초이스 스페셜,iPhone 14,정상,사용중,2등급,Y,110000,83609,36.8,1
202505,CUST0169,M,40대,2021-01-30,2024-06-22,넷플릭스 초이스 프리미엄,iPhone SE,해지,요금 불만,1등급,N,130000,83303,46.7,0
202503,CUST0170,F,40대,2023-06-09,0000-00-00,TVING 초이스 베이직,Galaxy Z Flip5,정상,사용중,1등급,Y,90000,70546,22.3,1
202503,CUST0171,F,50대,2023-08-07,0000-00-00,넷플릭스 초이스 프리미엄,iPhone SE,일시정지,해외 장기 출장,2등급,Y,130000,86227,41.1,1
202505,CUST0172,M,50대,2022-02-08,2024-03-26,TVING 초이스 스페셜,iPhone SE,해지,타사로 이동,3등급,Y,110000,86326,29.1,0
202503,CUST0173,M,20대,2022-10-28,2023-01-06,디즈니+ 초이스 프리미엄,iPhone SE,해지,요금 불만,2등급,Y,130000,81222,44.1,0
202504,CUST0174,F,30대,2023-03-25,0000-00-00,디즈니+ 초이스 스페셜,Galaxy A32,일시정지,사용 중단 예정,1등급,Y,110000,82402,31.3,1
202503,CUST0175,F,40대,2023-07-28,2024-08-26,디즈니+ 초이스 베이직,iPhone SE,해지,서비스 품질 문제,4등급,Y,90000,65896,10.8,0
202504,CUST0176,F,30대,2021-11-10,2024-02-11,넷플릭스 초이스 스페셜,iPhone SE,해지,장기 미사용,2등급,N,110000,82054,33.8,0
202505,CUST0177,M,60대 이상,2020-10-02,0000-00-00,왓챠 초이스 베이직,iPhone SE,정상,사용중,1등급,N,90000,65601,24.1,1
202503,CUST0178,M,30대,2021-04-11,0000-00-00,지니 초이스 프리미엄,iPhone SE,일시정지,일시적인 요금 부담,2등급,Y,130000,88171,48.5,1
202505,CUST0179,F,20대,2024-02-05,0000-00-00,TVING 초이스 프리미엄,iPhone SE,정상,사용중,5등급,N,130000,86151,54.5,1
202504,CUST0180,M,10대,2025-01-28,0000-00-00,넷플릭스 초이스 프리미엄,Galaxy Z Flip5,일시정지,사용 중단 예정,5등급,N,130000,83618,58.8,1
202505,CUST0181,F,40대,2022-04-08,2024-11-19,지니 초이스 베이직,Galaxy A32,해지,단순 해지 요청,5등급,Y,90000,66780,23,0
202504,CUST0182,F,30대,2021-02-02,0000-00-00,왓챠 초이스 스페셜,LG Wing,일시정지,해외 장기 출장,1등급,Y,110000,83431,27.1,1
202505,CUST0183,F,60대 이상,2024-10-11,0000-00-00,TVING 초이스 베이직,LG Wing,일시정지,일시적인 요금 부담,1등급,Y,90000,69160,11.4,1
202504,CUST0184,M,60대 이상,2025-03-10,0000-00-00,디즈니+ 초이스 프리미엄,iPhone 14,일시정지,사용 중단 예정,4등급,Y,130000,85810,47,1
202504,CUST0185,F,20대,2023-05-04,0000-00-00,유튜브 프리미엄 초이스 프리미엄,iPhone SE,정상,사용중,5등급,Y,130000,87950,52,1
202504,CUST0186,M,10대,2023-06-12,0000-00-00,TVING 초이스 베이직,Galaxy S22,정상,사용중,1등급,Y,90000,64275,20.8,1
202505,CUST0187,M,20대,2022-06-21,0000-00-00,왓챠 초이스 스페셜,Galaxy S22,일시정지,단말기 분실,2등급,Y,110000,78551,37.3,1
202504,CUST0188,M,40대,2023-02-07,0000-00-00,TVING 초이스 프리미엄,LG Wing,정상,사용중,3등급,Y,130000,85003,50,1
202504,CUST0189,M,60대 이상,2021-11-30,2023-12-21,유튜브 프리미엄 초이스 베이직,Galaxy Z Flip5,해지,단순 해지 요청,3등급,N,90000,66344,17.7,0
202503,CUST0190,F,60대 이상,2024-09-18,0000-00-00,유튜브 프리미엄 초이스 베이직,Galaxy S22,일시정지,일시적인 요금 부담,1등급,Y,90000,65157,15.2,1
202503,CUST0191,M,60대 이상,2025-04-21,0000-00-00,유튜브 프리미엄 초이스 프리미엄,LG Wing,정상,사용중,5등급,Y,130000,82732,44,1
202504,CUST0192,M,50대,2024-01-29,2023-01-23,TVING 초이스 프리미엄,LG Wing,해지,요금 불만,3등급,Y,130000,81703,54.3,0
202503,CUST0193,F,40대,2023-03-24,2024-03-13,TVING 초이스 프리미엄,Galaxy Z Flip5,해지,단순 해지 요청,5등급,Y,130000,86692,50.5,0
202504,CUST0194,F,30대,2022-12-16,2023-08-01,유튜브 프리미엄 초이스 베이직,Galaxy S22,해지,요금 불만,4등급,Y,90000,67284,11.5,0
202503,CUST0195,M,10대,2020-09-16,0000-00-00,유튜브 프리미엄 초이스 베이직,Galaxy S22,정상,사용중,3등급,Y,90000,64884,19.2,1
202505,CUST0196,F,60대 이상,2021-06-15,0000-00-00,넷플릭스 초이스 스페셜,Galaxy A32,일시정지,해외 장기 출장,1등급,Y,110000,84637,25.1,1
202504,CUST0197,M,20대,2023-01-09,2024-07-12,유튜브 프리미엄 초이스 베이직,iPhone 14,해지,타사로 이동,3등급,Y,90000,64367,12.2,0
202504,CUST0198,M,30대,2020-09-15,2023-01-23,디즈니+ 초이스 스페셜,LG Wing,해지,요금 불만,3등급,Y,110000,82847,27.2,0
202503,CUST0199,F,10대,2021-05-23,0000-00-00,지니 초이스 베이직,Galaxy S22,일시정지,해외 장기 출장,2등급,Y,90000,70347,24.8,1
202505,CUST0200,M,20대,2022-02-19,0000-00-00,디즈니+ 초이스 스페셜,iPhone SE,일시정지,사용 중단 예정,2등급,N,110000,83388,29.9,1
202503,CUST0201,F,40대,2024-05-20,0000-00-00,유튜브 프리미엄 초이스 베이직,iPhone SE,정상,사용중,2등급,N,90000,70801,11.6,1
202505,CUST0202,M,10대,2021-01-01,0000-00-00,왓챠 초이스 스페셜,Galaxy S22,일시정지,해외 장기 출장,2등급,Y,110000,85072,28.4,1
202505,CUST0203,F,40대,2023-06-15,0000-00-00,디즈니+ 초이스 프리미엄,LG Wing,일시정지,단말기 분실,4등급,Y,130000,85672,55.3,1
202505,CUST0204,M,30대,2021-09-12,0000-00-00,넷플릭스 초이스 베이직,LG Wing,정상,사용중,1등급,N,90000,68278,19.6,1
202505,CUST0205,M,40대,2025-02-25,0000-00-00,지니 초이스 프리미엄,Galaxy Z Flip5,일시정지,해외 장기 출장,2등급,Y,130000,84514,42,1
202503,CUST0206,F,20대,2022-01-30,0000-00-00,지니 초이스 스페셜,iPhone SE,정상,사용중,3등급,N,110000,82972,31.6,1
202503,CUST0207,M,20대,2020-09-17,0000-00-00,TVING 초이스 스페셜,iPhone SE,정상,사용중,5등급,Y,110000,86033,33.3,1
202504,CUST0208,F,40대,2021-03-11,2025-06-15,디즈니+ 초이스 프리미엄,iPhone 14,해지,요금 불만,3등급,Y,130000,87048,42.5,0
202505,CUST0209,F,20대,2024-01-31,0000-00-00,TVING 초이스 프리미엄,Galaxy S22,일시정지,해외 장기 출장,3등급,Y,130000,84352,44.4,1
202503,CUST0210,F,40대,2024-09-28,0000-00-00,지니 초이스 스페셜,iPhone SE,일시정지,일시적인 요금 부담,5등급,Y,110000,85167,27.8,1
202505,CUST0211,F,20대,2022-02-25,0000-00-00,TVING 초이스 베이직,Galaxy Z Flip5,일시정지,일시적인 요금 부담,2등급,Y,90000,67359,16.5,1
202505,CUST0212,M,50대,2021-10-05,2022-12-13,넷플릭스 초이스 베이직,Galaxy A32,해지,타사로 이동,2등급,Y,90000,68112,25,0
202503,CUST0213,F,40대,2024-09-06,0000-00-00,넷플릭스 초이스 베이직,LG Wing,정상,사용중,2등급,N,90000,65474,12.9,1
202504,CUST0214,F,60대 이상,2024-09-15,0000-00-00,넷플릭스 초이스 베이직,Galaxy S22,정상,사용중,2등급,N,90000,66749,22.9,1
202505,CUST0215,M,60대 이상,2022-08-26,2023-05-06,디즈니+ 초이스 프리미엄,Galaxy Z Flip5,해지,타사로 이동,1등급,Y,130000,86256,50.1,0
202503,CUST0216,F,30대,2022-08-18,0000-00-00,지니 초이스 스페셜,Galaxy Z Flip5,정상,사용중,1등급,Y,110000,81608,33.4,1
202504,CUST0217,M,20대,2023-11-15,0000-00-00,유튜브 프리미엄 초이스 스페셜,Galaxy A32,정상,사용중,4등급,N,110000,80737,39.1,1
202503,CUST0218,F,30대,2021-05-21,2024-08-20,지니 초이스 베이직,iPhone SE,해지,요금 불만,2등급,Y,90000,66264,23.1,0
202505,CUST0219,M,30대,2020-11-18,0000-00-00,TVING 초이스 스페셜,Galaxy A32,일시정지,일시적인 요금 부담,5등급,N,110000,82524,37.8,1
202504,CUST0220,M,30대,2021-09-19,0000-00-00,왓챠 초이스 스페셜,Galaxy A32,정상,사용중,1등급,N,110000,84422,34.3,1
202504,CUST0221,M,10대,2021-04-17,2022-08-18,지니 초이스 스페셜,iPhone 14,해지,요금 불만,1등급,Y,110000,81501,37.5,0
202504,CUST0222,F,10대,2021-08-07,0000-00-00,넷플릭스 초이스 스페셜,Galaxy Z Flip5,일시정지,해외 장기 출장,1등급,Y,110000,80068,34,1
202503,CUST0223,F,40대,2021-12-02,0000-00-00,TVING 초이스 베이직,Galaxy Z Flip5,일시정지,해외 장기 출장,2등급,Y,90000,67397,18,1
202504,CUST0224,F,60대 이상,2021-07-25,0000-00-00,유튜브 프리미엄 초이스 프리미엄,iPhone SE,정상,사용중,4등급,Y,130000,87956,46.7,1
202504,CUST0225,M,10대,2022-01-15,0000-00-00,지니 초이스 스페셜,iPhone SE,일시정지,사용 중단 예정,4등급,N,110000,83426,39.1,1
202504,CUST0226,F,40대,2022-09-19,0000-00-00,넷플릭스 초이스 베이직,Galaxy Z Flip5,정상,사용중,3등급,Y,90000,65588,20.6,1
202505,CUST0227,F,40대,2021-06-23,0000-00-00,지니 초이스 스페셜,iPhone SE,정상,사용중,4등급,Y,110000,81939,28.2,1
202504,CUST0228,F,10대,2022-04-13,0000-00-00,지니 초이스 프리미엄,iPhone 14,일시정지,단말기 분실,1등급,N,130000,81192,46.2,1
202504,CUST0229,M,10대,2025-03-09,2024-03-07,유튜브 프리미엄 초이스 스페셜,LG Wing,해지,장기 미사용,5등급,Y,110000,84450,26.7,0
202504,CUST0230,F,50대,2022-12-19,0000-00-00,유튜브 프리미엄 초이스 베이직,Galaxy S22,정상,사용중,5등급,N,90000,70227,17.6,1
202505,CUST0231,F,10대,2022-02-14,0000-00-00,TVING 초이스 스페셜,iPhone SE,정상,사용중,4등급,Y,110000,79419,35.4,1
202503,CUST0232,M,20대,2023-05-08,0000-00-00,넷플릭스 초이스 스페셜,Galaxy Z Flip5,일시정지,일시적인 요금 부담,1등급,N,110000,84052,27.7,1
202504,CUST0233,F,30대,2023-07-14,0000-00-00,지니 초이스 프리미엄,iPhone 14,정상,사용중,3등급,N,130000,87077,52.4,1
202504,CUST0234,F,50대,2020-11-03,0000-00-00,넷플릭스 초이스 스페셜,LG Wing,일시정지,일시적인 요금 부담,3등급,Y,110000,78678,34.7,1
202504,CUST0235,M,10대,2022-12-19,2024-03-05,지니 초이스 베이직,Galaxy Z Flip5,해지,장기 미사용,5등급,Y,90000,64408,16.3,0
202505,CUST0236,M,40대,2022-05-18,2025-01-20,지니 초이스 스페셜,LG Wing,해지,타사로 이동,1등급,Y,110000,85744,26.7,0
202505,CUST0237,F,40대,2021-01-16,0000-00-00,디즈니+ 초이스 베이직,iPhone 14,정상,사용중,1등급,Y,90000,65393,14.4,1
202505,CUST0238,F,50대,2021-02-03,0000-00-00,TVING 초이스 베이직,LG Wing,정상,사용중,4등급,Y,90000,67338,19.3,1
202505,CUST0239,F,20대,2022-10-20,2024-02-09,디즈니+ 초이스 프리미엄,Galaxy Z Flip5,해지,서비스 품질 문제,1등급,N,130000,88124,42.6,0
202503,CUST0240,M,40대,2021-11-11,0000-00-00,TVING 초이스 베이직,LG Wing,정상,사용중,2등급,Y,90000,70472,13.8,1
202505,CUST0241,F,50대,2022-10-11,2022-11-04,디즈니+ 초이스 베이직,Galaxy S22,해지,타사로 이동,3등급,Y,90000,70738,11.7,0
202504,CUST0242,M,20대,2024-12-14,2025-01-20,디즈니+ 초이스 프리미엄,iPhone 14,해지,서비스 품질 문제,5등급,Y,130000,84704,43.5,0
202504,CUST0243,F,30대,2021-11-04,0000-00-00,TVING 초이스 베이직,Galaxy Z Flip5,정상,사용중,4등급,Y,90000,64561,18,1
202503,CUST0244,M,10대,2025-04-14,0000-00-00,디즈니+ 초이스 베이직,Galaxy A32,정상,사용중,2등급,N,90000,70127,22.6,1
202503,CUST0245,F,30대,2023-11-01,0000-00-00,유튜브 프리미엄 초이스 베이직,Galaxy S22,정상,사용중,5등급,Y,90000,68386,13.6,1
202504,CUST0246,F,10대,2023-09-30,0000-00-00,왓챠 초이스 스페셜,LG Wing,정상,사용중,1등급,N,110000,79080,33,1
202503,CUST0247,M,30대,2023-09-24,2025-03-13,왓챠 초이스 베이직,LG Wing,해지,요금 불만,5등급,Y,90000,69779,21,0
202503,CUST0248,F,30대,2022-08-03,2022-06-24,넷플릭스 초이스 스페셜,iPhone SE,해지,요금 불만,2등급,N,110000,84524,33,0
202504,CUST0249,F,30대,2022-11-13,0000-00-00,넷플릭스 초이스 프리미엄,iPhone 14,일시정지,일시적인 요금 부담,3등급,Y,130000,86797,58,1
202503,CUST0250,M,10대,2022-04-13,0000-00-00,TVING 초이스 스페셜,iPhone SE,정상,사용중,3등급,N,110000,86222,30.5,1
202504,CUST0251,F,10대,2022-05-03,0000-00-00,넷플릭스 초이스 프리미엄,iPhone SE,일시정지,사용 중단 예정,2등급,Y,130000,88180,47.4,1
202505,CUST0252,M,60대 이상,2020-06-29,0000-00-00,유튜브 프리미엄 초이스 베이직,LG Wing,정상,사용중,2등급,Y,90000,68487,17.7,1
202503,CUST0253,M,40대,2020-07-28,0000-00-00,지니 초이스 베이직,Galaxy S22,정상,사용중,4등급,Y,90000,67323,15.8,1
202503,CUST0254,F,10대,2024-03-21,2023-05-25,TVING 초이스 프리미엄,LG Wing,해지,단순 해지 요청,2등급,Y,130000,82124,47.9,0
202505,CUST0255,F,20대,2022-09-02,2024-04-11,지니 초이스 프리미엄,iPhone SE,해지,단순 해지 요청,1등급,Y,130000,84235,60,0
202505,CUST0256,F,50대,2023-08-20,0000-00-00,디즈니+ 초이스 베이직,Galaxy A32,일시정지,해외 장기 출장,1등급,Y,90000,64666,15.9,1
202505,CUST0257,F,30대,2021-01-25,0000-00-00,왓챠 초이스 베이직,Galaxy Z Flip5,일시정지,사용 중단 예정,5등급,N,90000,65654,14.5,1
202503,CUST0258,M,60대 이상,2020-09-30,2023-08-13,지니 초이스 스페셜,Galaxy Z Flip5,해지,단순 해지 요청,5등급,Y,110000,84595,27.4,0
202503,CUST0259,M,60대 이상,2023-03-13,0000-00-00,넷플릭스 초이스 베이직,LG Wing,정상,사용중,4등급,N,90000,68692,23,1
202504,CUST0260,M,50대,2022-07-05,0000-00-00,지니 초이스 스페셜,LG Wing,정상,사용중,3등급,Y,110000,84517,36.9,1
202505,CUST0261,F,40대,2022-05-23,2024-08-07,왓챠 초이스 베이직,Galaxy S22,해지,서비스 품질 문제,3등급,Y,90000,68696,17.4,0
202505,CUST0262,M,10대,2024-11-18,2023-06-27,넷플릭스 초이스 베이직,Galaxy Z Flip5,해지,요금 불만,4등급,Y,90000,69170,17.6,0
202505,CUST0263,F,30대,2020-11-14,2025-05-15,TVING 초이스 스페셜,iPhone SE,해지,단순 해지 요청,4등급,Y,110000,84093,28.5,0
202504,CUST0264,M,60대 이상,2023-04-09,2025-02-11,왓챠 초이스 스페셜,Galaxy S22,해지,서비스 품질 문제,3등급,Y,110000,82273,28.3,0
202504,CUST0265,M,40대,2023-09-27,0000-00-00,유튜브 프리미엄 초이스 베이직,iPhone 14,일시정지,사용 중단 예정,5등급,N,90000,66863,21.9,1
202504,CUST0266,M,60대 이상,2020-09-24,2023-11-29,지니 초이스 프리미엄,Galaxy A32,해지,장기 미사용,4등급,Y,130000,88598,50.5,0
202504,CUST0267,F,20대,2020-06-17,0000-00-00,지니 초이스 프리미엄,iPhone SE,일시정지,일시적인 요금 부담,4등급,Y,130000,84671,48.4,1
202503,CUST0268,M,30대,2022-05-04,0000-00-00,지니 초이스 스페셜,Galaxy Z Flip5,정상,사용중,4등급,Y,110000,84059,37.4,1
202505,CUST0269,M,20대,2025-04-19,0000-00-00,지니 초이스 베이직,Galaxy A32,정상,사용중,5등급,Y,90000,64255,16.4,1
202505,CUST0270,M,60대 이상,2021-10-23,2025-02-25,왓챠 초이스 프리미엄,iPhone SE,해지,타사로 이동,2등급,Y,130000,84751,58.1,0
202503,CUST0271,F,10대,2021-05-14,2024-12-20,유튜브 프리미엄 초이스 베이직,Galaxy S22,해지,타사로 이동,3등급,N,90000,65521,20.6,0
202504,CUST0272,M,10대,2024-05-01,0000-00-00,왓챠 초이스 베이직,Galaxy S22,일시정지,단말기 분실,5등급,Y,90000,64753,21,1
202504,CUST0273,F,30대,2021-01-17,2024-04-15,디즈니+ 초이스 프리미엄,Galaxy S22,해지,장기 미사용,1등급,Y,130000,83749,44.9,0
202504,CUST0274,M,10대,2022-08-22,2022-10-30,지니 초이스 베이직,LG Wing,해지,서비스 품질 문제,5등급,Y,90000,70247,19.8,0
202505,CUST0275,F,50대,2022-09-21,0000-00-00,디즈니+ 초이스 베이직,LG Wing,정상,사용중,4등급,Y,90000,68844,18.1,1
202505,CUST0276,F,10대,2022-09-26,0000-00-00,TVING 초이스 프리미엄,Galaxy S22,일시정지,사용 중단 예정,4등급,N,130000,82114,53,1
202504,CUST0277,M,10대,2022-06-08,0000-00-00,디즈니+ 초이스 스페셜,Galaxy S22,일시정지,단말기 분실,2등급,Y,110000,86568,39.9,1
202503,CUST0278,M,30대,2025-03-15,0000-00-00,TVING 초이스 베이직,Galaxy S22,일시정지,일시적인 요금 부담,5등급,Y,90000,67601,17.3,1
202504,CUST0279,M,30대,2020-09-27,2023-05-22,왓챠 초이스 스페셜,Galaxy A32,해지,서비스 품질 문제,1등급,Y,110000,79034,25.9,0
202504,CUST0280,F,40대,2020-11-07,0000-00-00,지니 초이스 베이직,Galaxy S22,정상,사용중,4등급,Y,90000,66841,20.6,1
202503,CUST0281,F,20대,2022-03-14,0000-00-00,왓챠 초이스 스페셜,iPhone 14,정상,사용중,1등급,Y,110000,83634,27.6,1
202503,CUST0282,M,60대 이상,2025-03-29,2022-12-14,유튜브 프리미엄 초이스 스페셜,iPhone SE,해지,장기 미사용,5등급,Y,110000,82042,30.5,0
202505,CUST0283,F,10대,2025-05-28,0000-00-00,유튜브 프리미엄 초이스 베이직,Galaxy Z Flip5,정상,사용중,1등급,Y,90000,70576,18,1
202504,CUST0284,M,40대,2021-08-24,2023-08-07,TVING 초이스 베이직,Galaxy Z Flip5,해지,요금 불만,1등급,N,90000,64966,21.4,0
202505,CUST0285,M,40대,2025-05-22,0000-00-00,유튜브 프리미엄 초이스 베이직,Galaxy A32,일시정지,일시적인 요금 부담,4등급,Y,90000,64429,17.2,1
202503,CUST0286,F,60대 이상,2024-08-28,0000-00-00,지니 초이스 프리미엄,LG Wing,일시정지,사용 중단 예정,5등급,Y,130000,87714,59.2,1
202503,CUST0287,F,40대,2024-04-09,0000-00-00,지니 초이스 스페셜,Galaxy S22,정상,사용중,4등급,N,110000,83052,28.4,1
202504,CUST0288,F,50대,2022-11-15,0000-00-00,지니 초이스 베이직,iPhone 14,일시정지,사용 중단 예정,3등급,Y,90000,64722,18.3,1
202503,CUST0289,F,20대,2022-06-28,0000-00-00,지니 초이스 스페셜,iPhone SE,일시정지,일시적인 요금 부담,3등급,Y,110000,86466,38.7,1
202505,CUST0290,F,30대,2024-02-13,2022-11-01,유튜브 프리미엄 초이스 프리미엄,iPhone 14,해지,장기 미사용,4등급,Y,130000,84600,53.6,0
202504,CUST0291,F,60대 이상,2022-09-19,2023-06-14,넷플릭스 초이스 프리미엄,iPhone 14,해지,단순 해지 요청,4등급,N,130000,86414,51,0
202504,CUST0292,F,30대,2022-05-13,0000-00-00,TVING 초이스 스페셜,Galaxy Z Flip5,일시정지,단말기 분실,3등급,N,110000,85950,26.9,1
202504,CUST0293,F,60대 이상,2022-11-24,0000-00-00,넷플릭스 초이스 프리미엄,Galaxy A32,정상,사용중,5등급,Y,130000,84148,56.4,1
202504,CUST0294,F,60대 이상,2022-06-17,2022-11-11,유튜브 프리미엄 초이스 베이직,Galaxy S22,해지,단순 해지 요청,2등급,Y,90000,69695,13.2,0
202505,CUST0295,F,20대,2025-04-27,0000-00-00,넷플릭스 초이스 베이직,Galaxy A32,일시정지,일시적인 요금 부담,2등급,Y,90000,68300,24,1
202505,CUST0296,F,60대 이상,2023-10-19,0000-00-00,지니 초이스 베이직,Galaxy Z Flip5,정상,사용중,4등급,Y,90000,66138,23.1,1
202505,CUST0297,F,20대,2023-12-28,2024-09-03,디즈니+ 초이스 베이직,iPhone 14,해지,서비스 품질 문제,4등급,N,90000,67228,17.8,0
202503,CUST0298,M,50대,2025-03-30,0000-00-00,TVING 초이스 프리미엄,iPhone 14,정상,사용중,2등급,Y,130000,88629,56.1,1
202503,CUST0299,M,60대 이상,2021-02-14,0000-00-00,왓챠 초이스 스페셜,Galaxy A32,정상,사용중,5등급,Y,110000,83631,31.1,1
202503,CUST0300,F,60대 이상,2023-02-03,0000-00-00,왓챠 초이스 베이직,iPhone 14,일시정지,해외 장기 출장,4등급,Y,90000,64977,16.8,1
202504,CUST0301,M,60대 이상,2025-05-24,0000-00-00,넷플릭스 초이스 베이직,Galaxy S22,일시정지,해외 장기 출장,1등급,Y,90000,69002,13.5,1
202504,CUST0302,F,60대 이상,2021-12-16,0000-00-00,왓챠 초이스 프리미엄,LG Wing,일시정지,일시적인 요금 부담,5등급,Y,130000,85444,45.6,1
202505,CUST0303,M,20대,2020-11-13,0000-00-00,왓챠 초이스 베이직,Galaxy S22,일시정지,해외 장기 출장,3등급,N,90000,68823,13.2,1
202503,CUST0304,M,10대,2025-04-27,2023-10-23,TVING 초이스 프리미엄,Galaxy A32,해지,단순 해지 요청,3등급,Y,130000,81689,50.5,0
202504,CUST0305,F,30대,2020-08-24,2023-10-14,지니 초이스 스페셜,Galaxy Z Flip5,해지,장기 미사용,1등급,N,110000,81682,34.6,0
202505,CUST0306,M,20대,2023-09-04,0000-00-00,TVING 초이스 스페셜,Galaxy A32,일시정지,해외 장기 출장,3등급,N,110000,85657,25.1,1
202504,CUST0307,F,40대,2022-10-14,0000-00-00,지니 초이스 베이직,LG Wing,일시정지,사용 중단 예정,2등급,Y,90000,68717,15.4,1
202503,CUST0308,F,30대,2022-12-30,0000-00-00,디즈니+ 초이스 베이직,Galaxy Z Flip5,정상,사용중,1등급,Y,90000,67296,17.5,1
202504,CUST0309,M,50대,2024-01-19,2023-12-06,TVING 초이스 스페셜,Galaxy Z Flip5,해지,요금 불만,5등급,Y,110000,83358,27.4,0
202505,CUST0310,F,20대,2024-01-29,0000-00-00,유튜브 프리미엄 초이스 스페셜,Galaxy A32,일시정지,사용 중단 예정,3등급,N,110000,81800,29.2,1
202503,CUST0311,F,30대,2022-03-19,2023-01-31,왓챠 초이스 스페셜,Galaxy A32,해지,서비스 품질 문제,5등급,Y,110000,85518,38.3,0
202503,CUST0312,F,30대,2023-09-08,2022-10-31,유튜브 프리미엄 초이스 스페셜,LG Wing,해지,요금 불만,5등급,N,110000,78568,27.8,0
202505,CUST0313,M,60대 이상,2024-08-05,2023-07-07,디즈니+ 초이스 베이직,iPhone SE,해지,장기 미사용,1등급,Y,90000,68603,21.5,0
202505,CUST0314,F,50대,2020-12-13,0000-00-00,TVING 초이스 프리미엄,Galaxy S22,일시정지,해외 장기 출장,4등급,Y,130000,84533,43.9,1
202504,CUST0315,F,50대,2024-06-09,2022-12-19,유튜브 프리미엄 초이스 프리미엄,iPhone SE,해지,장기 미사용,3등급,Y,130000,83227,49.2,0
202505,CUST0316,M,10대,2022-10-15,0000-00-00,유튜브 프리미엄 초이스 베이직,Galaxy Z Flip5,정상,사용중,4등급,Y,90000,64260,24.2,1
202504,CUST0317,M,40대,2021-03-04,0000-00-00,TVING 초이스 베이직,iPhone SE,정상,사용중,1등급,N,90000,65975,13.5,1
202503,CUST0318,M,50대,2024-10-10,0000-00-00,왓챠 초이스 베이직,LG Wing,일시정지,해외 장기 출장,4등급,N,90000,69010,19.3,1
202505,CUST0319,F,60대 이상,2021-01-09,0000-00-00,넷플릭스 초이스 베이직,iPhone SE,일시정지,해외 장기 출장,4등급,Y,90000,64607,22.1,1
202505,CUST0320,M,60대 이상,2021-06-22,0000-00-00,TVING 초이스 베이직,Galaxy A32,일시정지,일시적인 요금 부담,5등급,Y,90000,65950,23.5,1
202505,CUST0321,M,30대,2021-10-21,2025-02-23,디즈니+ 초이스 베이직,Galaxy Z Flip5,해지,장기 미사용,5등급,N,90000,66751,15.1,0
202505,CUST0322,M,60대 이상,2024-01-14,0000-00-00,디즈니+ 초이스 스페셜,Galaxy A32,정상,사용중,1등급,Y,110000,82346,39.8,1
202503,CUST0323,F,30대,2021-12-29,0000-00-00,TVING 초이스 스페셜,Galaxy Z Flip5,정상,사용중,5등급,Y,110000,82160,34.7,1
202505,CUST0324,F,50대,2021-05-11,0000-00-00,디즈니+ 초이스 베이직,iPhone SE,정상,사용중,3등급,Y,90000,65989,16.5,1
202503,CUST0325,M,10대,2023-01-09,2023-12-28,왓챠 초이스 프리미엄,Galaxy S22,해지,서비스 품질 문제,1등급,Y,130000,87380,52.6,0
202504,CUST0326,M,50대,2024-04-15,0000-00-00,지니 초이스 프리미엄,Galaxy Z Flip5,정상,사용중,5등급,N,130000,85282,47.5,1
202503,CUST0327,F,40대,2024-02-09,0000-00-00,디즈니+ 초이스 베이직,Galaxy A32,정상,사용중,5등급,Y,90000,66175,13.8,1
202504,CUST0328,M,10대,2021-06-14,2023-01-07,지니 초이스 베이직,LG Wing,해지,단순 해지 요청,4등급,Y,90000,66139,16.8,0
202504,CUST0329,M,10대,2020-07-11,0000-00-00,넷플릭스 초이스 프리미엄,Galaxy A32,정상,사용중,5등급,N,130000,88404,42.7,1
202503,CUST0330,F,20대,2021-07-12,0000-00-00,디즈니+ 초이스 스페셜,Galaxy S22,정상,사용중,2등급,Y,110000,80315,30.2,1
202504,CUST0331,M,40대,2023-05-21,0000-00-00,유튜브 프리미엄 초이스 베이직,Galaxy Z Flip5,정상,사용중,1등급,N,90000,65484,10.5,1
202503,CUST0332,F,20대,2020-08-01,0000-00-00,디즈니+ 초이스 프리미엄,LG Wing,정상,사용중,4등급,Y,130000,81709,45.6,1
202503,CUST0333,M,20대,2023-11-29,2025-03-26,유튜브 프리미엄 초이스 스페셜,iPhone 14,해지,장기 미사용,2등급,Y,110000,85867,31.1,0
202505,CUST0334,M,20대,2020-08-29,0000-00-00,유튜브 프리미엄 초이스 베이직,iPhone 14,정상,사용중,2등급,Y,90000,67113,19.1,1
202505,CUST0335,F,60대 이상,2023-09-14,0000-00-00,유튜브 프리미엄 초이스 베이직,Galaxy S22,일시정지,해외 장기 출장,2등급,Y,90000,67395,19.5,1
202504,CUST0336,M,40대,2021-09-21,2024-10-19,넷플릭스 초이스 베이직,iPhone 14,해지,타사로 이동,5등급,Y,90000,66746,13,0
202505,CUST0337,M,60대 이상,2023-10-26,0000-00-00,넷플릭스 초이스 프리미엄,Galaxy A32,일시정지,일시적인 요금 부담,5등급,Y,130000,87632,41.9,1
202503,CUST0338,M,40대,2024-01-23,0000-00-00,왓챠 초이스 스페셜,Galaxy Z Flip5,일시정지,단말기 분실,2등급,N,110000,78647,34.6,1
202504,CUST0339,M,50대,2022-07-27,0000-00-00,유튜브 프리미엄 초이스 스페셜,Galaxy S22,일시정지,일시적인 요금 부담,3등급,Y,110000,79898,37.6,1
202504,CUST0340,M,40대,2025-04-21,0000-00-00,유튜브 프리미엄 초이스 베이직,iPhone 14,정상,사용중,4등급,Y,90000,67201,17.4,1
202505,CUST0341,M,40대,2023-07-30,0000-00-00,유튜브 프리미엄 초이스 베이직,iPhone SE,일시정지,사용 중단 예정,2등급,Y,90000,67347,17.3,1
202503,CUST0342,M,50대,2020-09-24,2022-12-26,넷플릭스 초이스 스페셜,Galaxy S22,해지,서비스 품질 문제,1등급,N,110000,82365,34.9,0
202505,CUST0343,F,30대,2020-07-07,2023-10-05,왓챠 초이스 프리미엄,Galaxy S22,해지,단순 해지 요청,1등급,N,130000,85556,57.3,0
202504,CUST0344,F,20대,2021-07-05,2023-01-22,디즈니+ 초이스 스페셜,iPhone 14,해지,단순 해지 요청,5등급,N,110000,82970,38.2,0
202503,CUST0345,F,30대,2021-12-10,2022-08-30,지니 초이스 프리미엄,iPhone 14,해지,요금 불만,3등급,Y,130000,83081,40.6,0
202505,CUST0346,F,30대,2024-09-17,0000-00-00,왓챠 초이스 프리미엄,iPhone SE,정상,사용중,5등급,Y,130000,81213,48.2,1
202503,CUST0347,M,60대 이상,2023-08-12,0000-00-00,TVING 초이스 베이직,Galaxy A32,일시정지,단말기 분실,3등급,Y,90000,69061,19.5,1
202505,CUST0348,M,10대,2023-03-25,2022-10-12,지니 초이스 베이직,iPhone SE,해지,단순 해지 요청,5등급,Y,90000,67703,10.7,0
202503,CUST0349,M,30대,2020-12-06,0000-00-00,TVING 초이스 프리미엄,Galaxy A32,일시정지,사용 중단 예정,2등급,N,130000,87283,41.5,1
202503,CUST0350,F,50대,2022-03-17,0000-00-00,디즈니+ 초이스 스페셜,Galaxy A32,일시정지,해외 장기 출장,1등급,N,110000,81079,38.6,1
202505,CUST0351,F,50대,2020-12-19,2024-10-03,넷플릭스 초이스 스페셜,Galaxy A32,해지,요금 불만,3등급,N,110000,83577,26.1,0
202504,CUST0352,M,60대 이상,2023-05-26,0000-00-00,디즈니+ 초이스 프리미엄,Galaxy A32,정상,사용중,2등급,Y,130000,81001,50,1
202505,CUST0353,M,60대 이상,2021-12-24,2023-10-01,왓챠 초이스 스페셜,iPhone SE,해지,장기 미사용,3등급,N,110000,84549,38.2,0
202503,CUST0354,M,20대,2022-09-11,2023-03-25,유튜브 프리미엄 초이스 프리미엄,Galaxy S22,해지,서비스 품질 문제,4등급,Y,130000,87887,45.3,0
202503,CUST0355,M,30대,2024-09-26,0000-00-00,넷플릭스 초이스 베이직,Galaxy Z Flip5,정상,사용중,5등급,Y,90000,64885,19.4,1
202503,CUST0356,F,40대,2023-03-30,2023-05-12,왓챠 초이스 베이직,Galaxy S22,해지,단순 해지 요청,2등급,N,90000,67580,16.6,0
202505,CUST0357,M,20대,2022-10-18,2024-10-21,디즈니+ 초이스 프리미엄,iPhone 14,해지,요금 불만,1등급,Y,130000,85836,51,0
202505,CUST0358,M,50대,2023-02-20,2022-06-27,디즈니+ 초이스 스페셜,Galaxy S22,해지,요금 불만,3등급,N,110000,85787,32.5,0
202504,CUST0359,M,60대 이상,2023-08-29,2023-08-06,지니 초이스 스페셜,iPhone SE,해지,단순 해지 요청,3등급,Y,110000,81729,31.7,0
202503,CUST0360,M,30대,2023-02-16,0000-00-00,넷플릭스 초이스 스페셜,iPhone SE,정상,사용중,2등급,Y,110000,79539,30.3,1
202504,CUST0361,F,50대,2024-02-17,0000-00-00,TVING 초이스 베이직,LG Wing,정상,사용중,1등급,Y,90000,69385,18,1
202504,CUST0362,F,10대,2022-04-15,2023-01-29,TVING 초이스 스페셜,Galaxy A32,해지,타사로 이동,1등급,Y,110000,78561,31.9,0
202505,CUST0363,M,20대,2024-03-06,0000-00-00,지니 초이스 프리미엄,Galaxy Z Flip5,일시정지,일시적인 요금 부담,5등급,Y,130000,84438,55.2,1
202504,CUST0364,M,30대,2022-07-18,0000-00-00,지니 초이스 베이직,LG Wing,정상,사용중,5등급,N,90000,64321,16.8,1
202504,CUST0365,F,30대,2020-08-02,2023-05-09,지니 초이스 프리미엄,iPhone SE,해지,서비스 품질 문제,1등급,N,130000,86648,58.5,0
202503,CUST0366,F,10대,2023-03-29,2022-07-30,왓챠 초이스 프리미엄,Galaxy A32,해지,타사로 이동,2등급,N,130000,84548,52.2,0
202505,CUST0367,F,30대,2023-04-10,0000-00-00,왓챠 초이스 프리미엄,Galaxy A32,일시정지,일시적인 요금 부담,2등급,Y,130000,81541,52.2,1
202504,CUST0368,M,50대,2025-02-16,0000-00-00,TVING 초이스 프리미엄,iPhone SE,일시정지,일시적인 요금 부담,4등급,Y,130000,80299,46.7,1
202503,CUST0369,F,30대,2024-12-03,0000-00-00,지니 초이스 스페셜,iPhone SE,정상,사용중,5등급,Y,110000,83573,28.3,1
202505,CUST0370,M,40대,2024-04-02,0000-00-00,지니 초이스 프리미엄,Galaxy S22,일시정지,단말기 분실,4등급,N,130000,86720,48.8,1
202505,CUST0371,F,10대,2020-08-15,0000-00-00,TVING 초이스 스페셜,iPhone 14,정상,사용중,4등급,Y,110000,86080,35,1
202503,CUST0372,M,40대,2023-09-05,0000-00-00,TVING 초이스 베이직,iPhone SE,정상,사용중,4등급,Y,90000,65143,18.6,1
202505,CUST0373,F,30대,2022-07-11,0000-00-00,디즈니+ 초이스 베이직,LG Wing,일시정지,해외 장기 출장,1등급,Y,90000,66764,15.2,1
202503,CUST0374,M,40대,2023-01-07,0000-00-00,왓챠 초이스 프리미엄,Galaxy Z Flip5,정상,사용중,5등급,Y,130000,83018,42.6,1
202504,CUST0375,M,50대,2022-03-08,0000-00-00,지니 초이스 프리미엄,Galaxy S22,정상,사용중,4등급,Y,130000,84321,44.6,1
202505,CUST0376,F,20대,2021-04-30,0000-00-00,디즈니+ 초이스 스페셜,Galaxy A32,일시정지,해외 장기 출장,5등급,Y,110000,79968,38.7,1
202504,CUST0377,M,20대,2024-08-29,2022-12-06,TVING 초이스 스페셜,Galaxy S22,해지,요금 불만,2등급,Y,110000,82693,39.6,0
202503,CUST0378,F,50대,2024-12-17,0000-00-00,디즈니+ 초이스 프리미엄,iPhone SE,정상,사용중,1등급,N,130000,87602,49.7,1
202504,CUST0379,F,20대,2024-05-28,0000-00-00,왓챠 초이스 스페셜,iPhone 14,정상,사용중,4등급,Y,110000,83057,36.3,1
202505,CUST0380,M,60대 이상,2022-08-27,0000-00-00,유튜브 프리미엄 초이스 베이직,iPhone 14,일시정지,사용 중단 예정,1등급,N,90000,70196,17.8,1
202505,CUST0381,M,20대,2020-07-15,2022-09-07,지니 초이스 스페셜,Galaxy Z Flip5,해지,장기 미사용,2등급,Y,110000,84082,39.7,0
202503,CUST0382,M,10대,2024-04-02,2024-07-08,지니 초이스 베이직,Galaxy S22,해지,타사로 이동,3등급,Y,90000,64275,12.6,0
202504,CUST0383,M,20대,2020-12-20,0000-00-00,유튜브 프리미엄 초이스 스페셜,iPhone SE,일시정지,일시적인 요금 부담,2등급,Y,110000,80015,35.7,1
202503,CUST0384,M,60대 이상,2021-04-28,2023-01-08,디즈니+ 초이스 스페셜,Galaxy Z Flip5,해지,타사로 이동,3등급,Y,110000,82777,40,0
202505,CUST0385,F,50대,2025-02-19,2022-07-30,넷플릭스 초이스 프리미엄,LG Wing,해지,요금 불만,1등급,N,130000,80361,58.6,0
202503,CUST0386,F,30대,2024-07-05,0000-00-00,넷플릭스 초이스 스페셜,Galaxy S22,일시정지,단말기 분실,2등급,Y,110000,78754,37.5,1
202503,CUST0387,M,30대,2021-07-18,0000-00-00,왓챠 초이스 스페셜,Galaxy A32,정상,사용중,3등급,Y,110000,86045,38.8,1
202505,CUST0388,F,10대,2024-12-09,2022-09-28,유튜브 프리미엄 초이스 스페셜,LG Wing,해지,요금 불만,1등급,Y,110000,86177,34.5,0
202504,CUST0389,M,10대,2021-11-21,2025-01-04,왓챠 초이스 스페셜,Galaxy A32,해지,서비스 품질 문제,5등급,N,110000,81821,30.4,0
202504,CUST0390,M,50대,2024-04-07,2024-04-02,TVING 초이스 베이직,Galaxy S22,해지,서비스 품질 문제,5등급,N,90000,67734,13,0
202504,CUST0391,M,10대,2020-07-05,0000-00-00,디즈니+ 초이스 스페셜,iPhone 14,일시정지,사용 중단 예정,5등급,Y,110000,82518,33.6,1
202504,CUST0392,M,20대,2021-10-10,2022-12-20,TVING 초이스 프리미엄,Galaxy S22,해지,타사로 이동,1등급,Y,130000,86883,51,0
202504,CUST0393,M,40대,2021-09-08,2023-01-25,왓챠 초이스 베이직,Galaxy S22,해지,요금 불만,5등급,Y,90000,66642,11.8,0
202505,CUST0394,M,20대,2023-03-01,0000-00-00,넷플릭스 초이스 베이직,iPhone 14,일시정지,해외 장기 출장,1등급,N,90000,66818,19,1
202504,CUST0395,F,20대,2023-01-20,0000-00-00,유튜브 프리미엄 초이스 베이직,LG Wing,정상,사용중,1등급,N,90000,66957,17.2,1
202504,CUST0396,F,20대,2021-05-24,2024-02-29,TVING 초이스 스페셜,LG Wing,해지,단순 해지 요청,4등급,Y,110000,86102,30.2,0
202504,CUST0397,M,20대,2021-08-06,0000-00-00,TVING 초이스 베이직,LG Wing,정상,사용중,3등급,Y,90000,64594,21.5,1
202505,CUST0398,F,30대,2021-12-01,2023-10-06,지니 초이스 베이직,iPhone 14,해지,장기 미사용,3등급,Y,90000,65050,18.5,0
202504,CUST0399,M,20대,2023-02-22,0000-00-00,왓챠 초이스 스페셜,iPhone 14,정상,사용중,2등급,Y,110000,84218,25.9,1
202504,CUST0400,F,50대,2022-11-07,0000-00-00,왓챠 초이스 스페셜,Galaxy S22,일시정지,해외 장기 출장,3등급,Y,110000,84638,35.8,1
202503,CUST0401,F,60대 이상,2022-06-27,0000-00-00,넷플릭스 초이스 스페셜,iPhone SE,정상,사용중,1등급,Y,110000,85289,36.2,1
202503,CUST0402,F,50대,2023-12-11,0000-00-00,디즈니+ 초이스 베이직,Galaxy A32,일시정지,단말기 분실,4등급,N,90000,69292,20.2,1
202503,CUST0403,M,40대,2022-02-28,0000-00-00,지니 초이스 베이직,iPhone 14,정상,사용중,5등급,N,90000,66371,16,1
202505,CUST0404,F,40대,2021-04-07,0000-00-00,디즈니+ 초이스 베이직,iPhone SE,일시정지,단말기 분실,1등급,Y,90000,67500,21.5,1
202503,CUST0405,F,60대 이상,2024-02-16,2025-03-28,TVING 초이스 베이직,LG Wing,해지,타사로 이동,5등급,N,90000,67466,16.7,0
202505,CUST0406,M,60대 이상,2021-05-01,0000-00-00,디즈니+ 초이스 베이직,iPhone 14,일시정지,일시적인 요금 부담,5등급,N,90000,64917,14.8,1
202505,CUST0407,F,20대,2020-11-14,2022-12-18,TVING 초이스 프리미엄,iPhone 14,해지,서비스 품질 문제,1등급,Y,130000,83550,51.6,0
202504,CUST0408,F,30대,2022-10-28,0000-00-00,TVING 초이스 스페셜,LG Wing,정상,사용중,5등급,N,110000,79123,30.5,1
202505,CUST0409,M,20대,2020-12-12,0000-00-00,유튜브 프리미엄 초이스 베이직,Galaxy S22,정상,사용중,5등급,N,90000,66979,23,1
202503,CUST0410,F,10대,2021-09-02,0000-00-00,TVING 초이스 프리미엄,iPhone 14,일시정지,일시적인 요금 부담,1등급,N,130000,80467,57.6,1
202503,CUST0411,F,20대,2021-09-30,2024-10-09,유튜브 프리미엄 초이스 베이직,iPhone SE,해지,장기 미사용,5등급,Y,90000,70029,23.2,0
202505,CUST0412,F,20대,2020-11-07,2023-04-15,TVING 초이스 프리미엄,Galaxy S22,해지,서비스 품질 문제,1등급,Y,130000,82764,43.9,0
202504,CUST0413,F,10대,2023-06-06,0000-00-00,왓챠 초이스 프리미엄,Galaxy S22,정상,사용중,5등급,Y,130000,84323,43.2,1
202504,CUST0414,M,40대,2022-02-01,0000-00-00,왓챠 초이스 베이직,Galaxy A32,정상,사용중,4등급,Y,90000,70490,18.1,1
202504,CUST0415,M,50대,2023-01-25,0000-00-00,왓챠 초이스 프리미엄,iPhone SE,정상,사용중,4등급,N,130000,88592,57.9,1
202504,CUST0416,F,20대,2024-01-20,2024-05-20,넷플릭스 초이스 베이직,Galaxy A32,해지,요금 불만,4등급,Y,90000,65666,16.1,0
202504,CUST0417,M,30대,2020-11-05,2023-03-24,지니 초이스 스페셜,iPhone SE,해지,단순 해지 요청,1등급,Y,110000,80425,36.7,0
202503,CUST0418,F,30대,2023-03-21,2023-07-13,왓챠 초이스 스페셜,LG Wing,해지,장기 미사용,4등급,Y,110000,80152,33.7,0
202504,CUST0419,M,60대 이상,2020-07-09,0000-00-00,디즈니+ 초이스 프리미엄,iPhone 14,일시정지,단말기 분실,4등급,Y,130000,82122,43.1,1
202505,CUST0420,M,40대,2024-03-09,0000-00-00,디즈니+ 초이스 스페셜,iPhone 14,정상,사용중,1등급,Y,110000,84465,25.8,1
202504,CUST0421,M,20대,2020-09-05,0000-00-00,왓챠 초이스 스페셜,iPhone 14,일시정지,단말기 분실,5등급,Y,110000,85801,32.7,1
202504,CUST0422,F,60대 이상,2020-09-03,0000-00-00,넷플릭스 초이스 스페셜,iPhone 14,일시정지,사용 중단 예정,1등급,Y,110000,84681,28.9,1
202504,CUST0423,F,20대,2020-11-21,0000-00-00,왓챠 초이스 프리미엄,iPhone SE,정상,사용중,5등급,Y,130000,82586,53.9,1
202505,CUST0424,M,60대 이상,2023-10-09,0000-00-00,유튜브 프리미엄 초이스 스페셜,Galaxy Z Flip5,일시정지,해외 장기 출장,2등급,Y,110000,84200,30.1,1
202505,CUST0425,M,40대,2025-05-11,0000-00-00,지니 초이스 스페셜,iPhone SE,일시정지,일시적인 요금 부담,4등급,N,110000,85970,37,1
202504,CUST0426,F,30대,2021-09-13,0000-00-00,TVING 초이스 스페셜,Galaxy S22,정상,사용중,2등급,Y,110000,84963,27.4,1
202503,CUST0427,F,50대,2021-07-11,0000-00-00,왓챠 초이스 베이직,iPhone SE,정상,사용중,2등급,N,90000,68940,11.5,1
202503,CUST0428,M,50대,2023-03-26,0000-00-00,지니 초이스 프리미엄,iPhone 14,일시정지,사용 중단 예정,3등급,Y,130000,81993,47.1,1
202505,CUST0429,F,60대 이상,2022-03-30,0000-00-00,넷플릭스 초이스 프리미엄,Galaxy S22,정상,사용중,3등급,N,130000,86858,55.2,1
202505,CUST0430,F,20대,2023-01-22,0000-00-00,TVING 초이스 스페셜,Galaxy A32,일시정지,일시적인 요금 부담,5등급,Y,110000,78808,27.4,1
202504,CUST0431,M,10대,2025-01-10,0000-00-00,넷플릭스 초이스 프리미엄,LG Wing,일시정지,단말기 분실,5등급,Y,130000,87241,53.4,1
202504,CUST0432,M,30대,2025-03-25,0000-00-00,넷플릭스 초이스 프리미엄,Galaxy Z Flip5,일시정지,일시적인 요금 부담,1등급,Y,130000,86896,48.1,1
202505,CUST0433,M,30대,2022-07-06,0000-00-00,디즈니+ 초이스 프리미엄,iPhone 14,일시정지,일시적인 요금 부담,2등급,Y,130000,86801,59,1
202505,CUST0434,F,50대,2023-12-30,0000-00-00,디즈니+ 초이스 베이직,Galaxy S22,정상,사용중,5등급,Y,90000,70661,20.7,1
202505,CUST0435,F,50대,2024-11-12,0000-00-00,넷플릭스 초이스 프리미엄,Galaxy Z Flip5,일시정지,사용 중단 예정,1등급,Y,130000,84224,53.8,1
202503,CUST0436,F,30대,2022-05-12,0000-00-00,TVING 초이스 프리미엄,Galaxy Z Flip5,정상,사용중,1등급,Y,130000,86505,48.8,1
202504,CUST0437,M,30대,2021-11-14,0000-00-00,왓챠 초이스 스페셜,Galaxy S22,일시정지,일시적인 요금 부담,2등급,Y,110000,82882,25.6,1
202504,CUST0438,M,40대,2024-08-08,2022-11-02,TVING 초이스 스페셜,Galaxy Z Flip5,해지,단순 해지 요청,2등급,Y,110000,82222,29.3,0
202505,CUST0439,M,20대,2024-04-26,0000-00-00,TVING 초이스 스페셜,Galaxy S22,정상,사용중,1등급,Y,110000,80570,37.5,1
202503,CUST0440,M,50대,2023-01-29,2024-09-30,TVING 초이스 베이직,iPhone 14,해지,서비스 품질 문제,3등급,Y,90000,67493,22.6,0
202505,CUST0441,M,30대,2022-02-21,2025-02-26,왓챠 초이스 스페셜,Galaxy Z Flip5,해지,타사로 이동,3등급,Y,110000,80456,35.8,0
202504,CUST0442,M,30대,2024-05-07,0000-00-00,유튜브 프리미엄 초이스 스페셜,Galaxy Z Flip5,정상,사용중,5등급,N,110000,84822,36.6,1
202503,CUST0443,M,10대,2021-09-27,0000-00-00,왓챠 초이스 베이직,iPhone 14,일시정지,일시적인 요금 부담,1등급,Y,90000,66635,24.6,1
202504,CUST0444,M,50대,2022-05-19,2022-07-21,TVING 초이스 베이직,Galaxy S22,해지,서비스 품질 문제,5등급,Y,90000,64822,13.8,0
202503,CUST0445,M,50대,2023-05-15,0000-00-00,유튜브 프리미엄 초이스 스페셜,Galaxy A32,일시정지,단말기 분실,4등급,Y,110000,80651,32.1,1
202503,CUST0446,M,10대,2021-05-03,0000-00-00,지니 초이스 스페셜,iPhone 14,정상,사용중,1등급,Y,110000,84358,30,1
202503,CUST0447,F,60대 이상,2023-06-21,0000-00-00,넷플릭스 초이스 베이직,iPhone 14,일시정지,단말기 분실,4등급,Y,90000,66881,14.8,1
202505,CUST0448,F,10대,2024-12-28,2023-10-24,TVING 초이스 프리미엄,Galaxy Z Flip5,해지,요금 불만,3등급,Y,130000,87359,54.7,0
202505,CUST0449,F,30대,2025-05-01,0000-00-00,지니 초이스 베이직,iPhone SE,정상,사용중,1등급,Y,90000,67715,10.8,1
202503,CUST0450,M,60대 이상,2022-02-14,0000-00-00,넷플릭스 초이스 스페셜,iPhone 14,일시정지,일시적인 요금 부담,1등급,Y,110000,81556,33.6,1
202504,CUST0451,F,60대 이상,2025-03-30,0000-00-00,넷플릭스 초이스 베이직,LG Wing,정상,사용중,3등급,N,90000,66266,10.2,1
202504,CUST0452,F,10대,2024-07-11,2023-08-20,넷플릭스 초이스 스페셜,Galaxy Z Flip5,해지,서비스 품질 문제,5등급,Y,110000,80198,35.5,0
202504,CUST0453,F,20대,2020-08-24,2025-04-26,왓챠 초이스 베이직,Galaxy A32,해지,단순 해지 요청,2등급,N,90000,66117,22.1,0
202504,CUST0454,M,20대,2022-11-10,2023-07-28,넷플릭스 초이스 베이직,LG Wing,해지,요금 불만,2등급,Y,90000,66301,24.7,0
202503,CUST0455,F,10대,2021-09-12,0000-00-00,디즈니+ 초이스 베이직,iPhone 14,정상,사용중,4등급,Y,90000,66071,12.7,1
202503,CUST0456,F,30대,2023-12-16,0000-00-00,왓챠 초이스 베이직,Galaxy Z Flip5,일시정지,해외 장기 출장,2등급,Y,90000,65744,21.5,1
202503,CUST0457,F,10대,2023-03-30,0000-00-00,지니 초이스 프리미엄,iPhone SE,정상,사용중,4등급,Y,130000,86161,50.4,1
202503,CUST0458,M,40대,2022-11-08,0000-00-00,넷플릭스 초이스 베이직,LG Wing,정상,사용중,5등급,Y,90000,65758,15.8,1
202503,CUST0459,F,20대,2024-12-16,2022-11-06,TVING 초이스 프리미엄,iPhone 14,해지,단순 해지 요청,4등급,Y,130000,81797,42.3,0
202503,CUST0460,M,20대,2024-01-30,0000-00-00,유튜브 프리미엄 초이스 베이직,iPhone 14,정상,사용중,2등급,Y,90000,68672,11.6,1
202503,CUST0461,M,60대 이상,2023-02-23,0000-00-00,디즈니+ 초이스 베이직,iPhone 14,일시정지,사용 중단 예정,5등급,Y,90000,68853,21.1,1
202504,CUST0462,F,20대,2020-10-20,0000-00-00,디즈니+ 초이스 베이직,LG Wing,일시정지,사용 중단 예정,2등급,Y,90000,68200,17.8,1
202504,CUST0463,F,60대 이상,2020-10-31,0000-00-00,디즈니+ 초이스 베이직,LG Wing,정상,사용중,3등급,Y,90000,69500,20.6,1
202505,CUST0464,M,50대,2024-01-14,2024-01-02,지니 초이스 베이직,Galaxy Z Flip5,해지,서비스 품질 문제,2등급,Y,90000,66573,13.1,0
202504,CUST0465,M,10대,2023-02-21,2023-06-12,디즈니+ 초이스 스페셜,Galaxy Z Flip5,해지,단순 해지 요청,4등급,N,110000,80125,26.1,0
202505,CUST0466,M,30대,2025-04-12,0000-00-00,지니 초이스 스페셜,iPhone SE,정상,사용중,1등급,Y,110000,81059,30.4,1
202504,CUST0467,F,30대,2025-04-13,0000-00-00,왓챠 초이스 스페셜,Galaxy A32,정상,사용중,4등급,N,110000,82125,35.7,1
202504,CUST0468,M,50대,2021-07-27,2024-04-02,넷플릭스 초이스 프리미엄,LG Wing,해지,서비스 품질 문제,5등급,Y,130000,80840,58.6,0
202504,CUST0469,M,60대 이상,2021-07-24,2024-08-08,디즈니+ 초이스 스페셜,Galaxy S22,해지,서비스 품질 문제,4등급,N,110000,78655,38.7,0
202505,CUST0470,F,60대 이상,2021-11-22,2023-12-03,유튜브 프리미엄 초이스 스페셜,LG Wing,해지,요금 불만,4등급,Y,110000,80941,28.5,0
202504,CUST0471,F,10대,2023-10-29,2022-12-02,왓챠 초이스 프리미엄,iPhone SE,해지,타사로 이동,1등급,Y,130000,87809,41.4,0
202505,CUST0472,M,20대,2024-10-13,2023-08-01,왓챠 초이스 스페셜,Galaxy S22,해지,장기 미사용,4등급,N,110000,78900,37.9,0
202504,CUST0473,F,60대 이상,2020-08-26,0000-00-00,디즈니+ 초이스 베이직,Galaxy Z Flip5,정상,사용중,5등급,Y,90000,65573,12.3,1
202503,CUST0474,F,20대,2022-12-06,0000-00-00,TVING 초이스 베이직,iPhone SE,일시정지,해외 장기 출장,5등급,N,90000,66474,22.3,1
202503,CUST0475,F,50대,2021-11-06,0000-00-00,넷플릭스 초이스 베이직,Galaxy S22,일시정지,단말기 분실,4등급,N,90000,69181,23.8,1
202503,CUST0476,M,30대,2024-12-21,0000-00-00,왓챠 초이스 베이직,iPhone 14,정상,사용중,1등급,Y,90000,67824,15.4,1
202505,CUST0477,M,50대,2024-02-15,0000-00-00,넷플릭스 초이스 베이직,Galaxy Z Flip5,정상,사용중,2등급,Y,90000,69832,25,1
202503,CUST0478,M,50대,2020-07-28,0000-00-00,디즈니+ 초이스 베이직,LG Wing,정상,사용중,5등급,Y,90000,68039,20.8,1
202503,CUST0479,F,10대,2023-07-16,2024-02-24,유튜브 프리미엄 초이스 베이직,Galaxy A32,해지,타사로 이동,2등급,Y,90000,69987,16.8,0
202505,CUST0480,M,10대,2023-05-24,2022-12-21,TVING 초이스 베이직,Galaxy A32,해지,타사로 이동,1등급,Y,90000,64204,17.7,0
202504,CUST0481,F,60대 이상,2025-03-28,2024-08-28,지니 초이스 베이직,Galaxy Z Flip5,해지,장기 미사용,2등급,N,90000,66089,20.3,0
202505,CUST0482,F,20대,2025-03-04,0000-00-00,디즈니+ 초이스 베이직,Galaxy A32,일시정지,해외 장기 출장,4등급,N,90000,67420,12.9,1
202505,CUST0483,F,30대,2023-12-14,0000-00-00,넷플릭스 초이스 프리미엄,Galaxy Z Flip5,일시정지,일시적인 요금 부담,1등급,Y,130000,83349,45.8,1
202504,CUST0484,M,60대 이상,2024-11-08,2024-10-31,디즈니+ 초이스 스페셜,Galaxy S22,해지,장기 미사용,4등급,Y,110000,84085,31.2,0
202504,CUST0485,M,40대,2021-09-14,0000-00-00,디즈니+ 초이스 베이직,Galaxy A32,일시정지,단말기 분실,5등급,Y,90000,70021,11.3,1
202504,CUST0486,F,30대,2021-04-27,2024-12-16,지니 초이스 스페셜,iPhone 14,해지,서비스 품질 문제,1등급,Y,110000,86157,32.8,0
202505,CUST0487,F,40대,2021-08-25,0000-00-00,지니 초이스 스페셜,LG Wing,정상,사용중,4등급,N,110000,81715,36.2,1
202505,CUST0488,F,50대,2021-08-07,2022-12-31,넷플릭스 초이스 스페셜,Galaxy S22,해지,서비스 품질 문제,5등급,N,110000,80237,25.6,0
202505,CUST0489,F,60대 이상,2021-09-06,0000-00-00,넷플릭스 초이스 베이직,iPhone SE,정상,사용중,1등급,Y,90000,65567,11.6,1
202505,CUST0490,F,20대,2023-07-04,0000-00-00,디즈니+ 초이스 스페셜,LG Wing,정상,사용중,3등급,Y,110000,85700,36,1
202505,CUST0491,M,60대 이상,2024-09-24,0000-00-00,지니 초이스 베이직,Galaxy A32,일시정지,단말기 분실,2등급,N,90000,69809,24.9,1
202505,CUST0492,M,50대,2023-01-10,0000-00-00,TVING 초이스 베이직,Galaxy A32,일시정지,해외 장기 출장,4등급,Y,90000,64550,22,1
202504,CUST0493,F,40대,2020-10-18,0000-00-00,디즈니+ 초이스 베이직,iPhone 14,정상,사용중,5등급,N,90000,67741,16.6,1
202505,CUST0494,F,60대 이상,2021-05-02,0000-00-00,지니 초이스 스페셜,iPhone 14,일시정지,해외 장기 출장,1등급,N,110000,81757,26.9,1
202505,CUST0495,F,60대 이상,2023-09-28,0000-00-00,TVING 초이스 베이직,Galaxy Z Flip5,정상,사용중,4등급,Y,90000,65235,12.4,1
202504,CUST0496,M,50대,2022-07-09,0000-00-00,유튜브 프리미엄 초이스 스페셜,Galaxy S22,일시정지,일시적인 요금 부담,2등급,Y,110000,86471,36.6,1
202504,CUST0497,M,40대,2021-03-23,0000-00-00,디즈니+ 초이스 베이직,iPhone SE,정상,사용중,1등급,Y,90000,66715,18.8,1
202504,CUST0498,M,50대,2022-07-09,2023-12-22,왓챠 초이스 베이직,iPhone 14,해지,장기 미사용,4등급,Y,90000,67997,23.3,0
202505,CUST0499,F,60대 이상,2023-08-26,0000-00-00,디즈니+ 초이스 프리미엄,Galaxy Z Flip5,일시정지,사용 중단 예정,2등급,Y,130000,83324,56.7,1
202503,CUST0500,F,30대,2024-05-25,2023-07-18,넷플릭스 초이스 프리미엄,Galaxy S22,해지,타사로 이동,1등급,Y,130000,88572,43.6,0
